{"mean":{"confidence_interval":{"confidence_level":0.95,"lower_bound":2527596.6486125,"upper_bound":2546225.2685000007},"point_estimate":2536429.375999999,"standard_error":4770.7529515144015},"median":{"confidence_interval":{"confidence_level":0.95,"lower_bound":2527243.3,"upper_bound":2535262.5},"point_estimate":2531117.375,"standard_error":2188.245495114352},"median_abs_dev":{"confidence_interval":{"confidence_level":0.95,"lower_bound":23296.464036405087,"upper_bound":53586.98874001583},"point_estimate":40301.292694508826,"standard_error":8089.731322219669},"slope":null,"std_dev":{"confidence_interval":{"confidence_level":0.95,"lower_bound":36958.631170115106,"upper_bound":60189.21904252599},"point_estimate":48206.21739146522,"standard_error":6010.271593247038}}