{"mean":{"confidence_interval":{"confidence_level":0.95,"lower_bound":4450942.607124999,"upper_bound":4522394.469125},"point_estimate":4482728.583333334,"standard_error":18295.89391893953},"median":{"confidence_interval":{"confidence_level":0.95,"lower_bound":4409797.0,"upper_bound":4465089.041666666},"point_estimate":4449621.375,"standard_error":15340.316317426032},"median_abs_dev":{"confidence_interval":{"confidence_level":0.95,"lower_bound":57221.74905911065,"upper_bound":104728.59499819574},"point_estimate":80611.86399385286,"standard_error":13572.463213740468},"slope":null,"std_dev":{"confidence_interval":{"confidence_level":0.95,"lower_bound":85824.08877091213,"upper_bound":263012.26076852233},"point_estimate":183327.12245887954,"standard_error":47257.21577086766}}