{"mean":{"confidence_interval":{"confidence_level":0.95,"lower_bound":3049160.710970588,"upper_bound":3065473.095161765},"point_estimate":3057049.077058824,"standard_error":4160.650537052827},"median":{"confidence_interval":{"confidence_level":0.95,"lower_bound":3043627.411764706,"upper_bound":3057477.4411764704},"point_estimate":3048622.852941177,"standard_error":3263.7717059571405},"median_abs_dev":{"confidence_interval":{"confidence_level":0.95,"lower_bound":20552.36771159282,"upper_bound":36848.496139925905},"point_estimate":28359.346720050322,"standard_error":4047.7707795482647},"slope":null,"std_dev":{"confidence_interval":{"confidence_level":0.95,"lower_bound":33586.560424465366,"upper_bound":49333.436603930524},"point_estimate":41934.54872335977,"standard_error":4010.8795462174785}}