{"mean":{"confidence_interval":{"confidence_level":0.95,"lower_bound":5151904.758924999,"upper_bound":5182327.98535},"point_estimate":5166637.575,"standard_error":7764.139482914883},"median":{"confidence_interval":{"confidence_level":0.95,"lower_bound":5127978.2,"upper_bound":5164518.5},"point_estimate":5142725.85,"standard_error":9369.346837870975},"median_abs_dev":{"confidence_interval":{"confidence_level":0.95,"lower_bound":42991.09969675624,"upper_bound":81579.1739916807},"point_estimate":63951.94986462593,"standard_error":10312.753048579081},"slope":null,"std_dev":{"confidence_interval":{"confidence_level":0.95,"lower_bound":63913.83367818441,"upper_bound":90433.33198669381},"point_estimate":78056.22003413856,"standard_error":6803.93152880181}}