{"mean":{"confidence_interval":{"confidence_level":0.95,"lower_bound":3065783.297058825,"upper_bound":3084133.8641176466},"point_estimate":3074808.454705883,"standard_error":4725.938642494453},"median":{"confidence_interval":{"confidence_level":0.95,"lower_bound":3061357.5,"upper_bound":3078430.529411765},"point_estimate":3067766.0588235296,"standard_error":4735.720880852033},"median_abs_dev":{"confidence_interval":{"confidence_level":0.95,"lower_bound":34679.19074314472,"upper_bound":61003.93063461059},"point_estimate":47793.790445608436,"standard_error":6538.981315311221},"slope":null,"std_dev":{"confidence_interval":{"confidence_level":0.95,"lower_bound":40532.41283733643,"upper_bound":53331.07579557812},"point_estimate":47301.7460349795,"standard_error":3289.7912354580503}}