{"mean":{"confidence_interval":{"confidence_level":0.95,"lower_bound":3464180.8479999984,"upper_bound":3483244.383916666},"point_estimate":3473523.3026666665,"standard_error":4863.4058281018415},"median":{"confidence_interval":{"confidence_level":0.95,"lower_bound":3452912.6,"upper_bound":3467694.8},"point_estimate":3461877.7666666666,"standard_error":3331.6963108913556},"median_abs_dev":{"confidence_interval":{"confidence_level":0.95,"lower_bound":31127.433547377703,"upper_bound":55339.180677533055},"point_estimate":43122.21095442754,"standard_error":6335.8580779561835},"slope":null,"std_dev":{"confidence_interval":{"confidence_level":0.95,"lower_bound":41950.92497424106,"upper_bound":54280.06320555135},"point_estimate":48730.1580858268,"standard_error":3142.787019239531}}